{
	"format_version": "1.8.0",
	"animations": {
		"animation.dodetrad.ground_idle": {
			"loop": true,
			"animation_length": 12,
			"bones": {
				"body": {
					"position": [0, -1.5, 0]
				},
				"far_left_neck_one": {
					"rotation": {
						"0.0": [5.84485, -11.06861, -28.06681],
						"4.0": [2.74207, -12.19917, -12.79666],
						"7.0": [5.84485, -11.06861, -28.06681],
						"9.25": [7.68615, -9.88744, -38.16584],
						"10.0": [7.68615, -9.88744, -38.16584],
						"12.0": [5.84485, -11.06861, -28.06681]
					}
				},
				"far_left_neck_two": {
					"rotation": [0, 45, 0]
				},
				"far_left_head": {
					"rotation": {
						"0.0": [-48.91426, 52.42815, -12.25317],
						"4.0": [-28.91426, 52.42815, -12.25317],
						"7.0": [-48.91426, 52.42815, -12.25317],
						"9.25": [-16.51104, 12.53245, 22.74542],
						"10.0": [-16.51104, 12.53245, 22.74542],
						"12.0": [-48.91426, 52.42815, -12.25317]
					}
				},
				"far_left_feather_left": {
					"rotation": [-5, 0, -30]
				},
				"middle_left_neck_one": {
					"rotation": [35, -40, 0]
				},
				"middle_left_neck_two": {
					"rotation": [-27.5, 0, 0]
				},
				"middle_left_head": {
					"rotation": {
						"0.0": [-1.49575, 32.32817, -5.82993],
						"2.5": [11.11207, 49.58066, -1.89719],
						"4.0": [11.11207, 49.58066, -1.89719],
						"7.0": [-1.49575, 32.32817, -5.82993],
						"9.0": [-14.82105, 20.28732, -2.07315],
						"12.0": [-1.49575, 32.32817, -5.82993]
					}
				},
				"middle_left_feather_left": {
					"rotation": [-12.5, 0, 7]
				},
				"middle_right_neck_one": {
					"rotation": [35, 40, 0]
				},
				"middle_right_neck_two": {
					"rotation": [-27.5, 0, 0]
				},
				"middle_right_head": {
					"rotation": {
						"0.0": [-0.77771, -27.39016, 4.88987],
						"3.0": [-8.32338, -12.33981, 5.34995],
						"3.5": [-8.32338, -12.33981, 5.34995],
						"7.0": [-0.77771, -27.39016, 4.88987],
						"8.5": [10.56185, -10.21419, 8.44895],
						"12.0": [-0.77771, -27.39016, 4.88987]
					}
				},
				"middle_right_feather_left": {
					"rotation": [-12.5, 0, 7]
				},
				"far_right_neck_one": {
					"rotation": {
						"0.0": [1.2506, 2.16489, 30.02363],
						"3.0": [0.64812, 2.40988, 15.01007],
						"7.0": [1.2506, 2.16489, 30.02363],
						"9.5": [0.8258, 2.35852, 19.30269],
						"10.2917": [0.8258, 2.35852, 19.30269],
						"12.0": [1.2506, 2.16489, 30.02363]
					}
				},
				"far_right_neck_two": {
					"rotation": [0, -35, 0]
				},
				"far_right_head": {
					"rotation": {
						"0.0": [-40, -50, 0],
						"3.0": [-17.5, -50, 0],
						"7.0": [-40, -50, 0],
						"9.5": [-17.96912, -20.38147, -7.56061],
						"10.2917": [-17.96912, -20.38147, -7.56061],
						"12.0": [-40, -50, 0]
					}
				},
				"far_right_feather_right": {
					"rotation": [-5, 0, 30]
				},
				"leg_right": {
					"rotation": [25.56298, 17.02168, 2.20764]
				},
				"leg_left": {
					"rotation": [25.563, -17.0217, -2.2076]
				},
				"leg_right_two": {
					"rotation": [-47.5, 0, 0]
				},
				"leg_left_two": {
					"rotation": [-47.5, 0, 0]
				},
				"left_foot": {
					"rotation": [22.4807, 0.9564, 2.3099]
				},
				"right_foot": {
					"rotation": [22.48072, 0.95645, -2.30991]
				},
				"far_right_feather_left": {
					"rotation": [5, 0, 30]
				},
				"far_right_feather_left_two": {
					"rotation": [0, 0, 17.5]
				},
				"far_right_feather_right_two": {
					"rotation": [0, 0, 17.5]
				},
				"middle_right_feather_left_two": {
					"rotation": [-17.5, 0, 0]
				},
				"middle_right_feather_left_three": {
					"rotation": [-17, 0, 0]
				},
				"middle_right_feather_right": {
					"rotation": [-12.5, 0, -7]
				},
				"middle_right_feather_right_two": {
					"rotation": [-17.5, 0, 0]
				},
				"middle_right_feather_right_three": {
					"rotation": [-17, 0, 0]
				},
				"middle_left_feather_left_two": {
					"rotation": [-17.5, 0, 0]
				},
				"middle_left_feather_left_three": {
					"rotation": [-17, 0, 0]
				},
				"middle_left_feather_right": {
					"rotation": [-12.5, 0, -7]
				},
				"middle_left_feather_right_two": {
					"rotation": [-17.5, 0, 0]
				},
				"middle_left_feather_right_three": {
					"rotation": [-17, 0, 0]
				},
				"far_left_feather_left_two": {
					"rotation": [0, 0, -17.5]
				},
				"far_left_feather_right": {
					"rotation": [5, 0, -30]
				},
				"far_left_feather_right_two": {
					"rotation": [0, 0, -17.5]
				}
			}
		},
		"animation.dodetrad.ground_walk": {
			"loop": true,
			"animation_length": 2,
			"bones": {
				"body": {
					"position": [0, -1.5, 0]
				},
				"far_left_neck_one": {
					"rotation": [5.84485, -11.06861, -28.06681]
				},
				"far_left_neck_two": {
					"rotation": [0, 45, 0]
				},
				"far_left_head": {
					"rotation": [-48.91426, 52.42815, -12.25317]
				},
				"far_left_feather_left": {
					"rotation": [-5, 0, -30]
				},
				"middle_left_neck_one": {
					"rotation": [35, -40, 0]
				},
				"middle_left_neck_two": {
					"rotation": [-27.5, 0, 0]
				},
				"middle_left_head": {
					"rotation": [-1.49575, 32.32817, -5.82993]
				},
				"middle_left_feather_left": {
					"rotation": [-12.5, 0, 7]
				},
				"middle_right_neck_one": {
					"rotation": [35, 40, 0]
				},
				"middle_right_neck_two": {
					"rotation": [-27.5, 0, 0]
				},
				"middle_right_head": {
					"rotation": [-0.77771, -27.39016, 4.88987]
				},
				"middle_right_feather_left": {
					"rotation": [-12.5, 0, 7]
				},
				"far_right_neck_one": {
					"rotation": [1.2506, 2.16489, 30.02363]
				},
				"far_right_neck_two": {
					"rotation": [0, -35, 0]
				},
				"far_right_head": {
					"rotation": [-40, -50, 0]
				},
				"far_right_feather_right": {
					"rotation": [-5, 0, 30]
				},
				"leg_right": {
					"rotation": {
						"0.0": [25.56298, 17.02168, 2.20764],
						"0.5": [65.56298, 17.02168, 2.20764],
						"1.0": [25.56298, 17.02168, 2.20764],
						"1.5": [-6.937, 17.0217, 2.2076],
						"2.0": [25.56298, 17.02168, 2.20764]
					}
				},
				"leg_left": {
					"rotation": {
						"0.0": [25.563, -17.0217, -2.2076],
						"0.5": [-6.937, -17.0217, -2.2076],
						"1.0": [25.563, -17.0217, -2.2076],
						"1.5": [65.56298, -17.0217, -2.2076],
						"2.0": [25.563, -17.0217, -2.2076]
					}
				},
				"leg_right_two": {
					"rotation": [-47.5, 0, 0]
				},
				"leg_left_two": {
					"rotation": [-47.5, 0, 0]
				},
				"left_foot": {
					"rotation": [22.4807, 0.9564, 2.3099]
				},
				"right_foot": {
					"rotation": [22.48072, 0.95645, -2.30991]
				},
				"far_right_feather_left": {
					"rotation": [5, 0, 30]
				},
				"far_right_feather_left_two": {
					"rotation": [0, 0, 17.5]
				},
				"far_right_feather_right_two": {
					"rotation": [0, 0, 17.5]
				},
				"middle_right_feather_left_two": {
					"rotation": [-17.5, 0, 0]
				},
				"middle_right_feather_left_three": {
					"rotation": [-17, 0, 0]
				},
				"middle_right_feather_right": {
					"rotation": [-12.5, 0, -7]
				},
				"middle_right_feather_right_two": {
					"rotation": [-17.5, 0, 0]
				},
				"middle_right_feather_right_three": {
					"rotation": [-17, 0, 0]
				},
				"middle_left_feather_left_two": {
					"rotation": [-17.5, 0, 0]
				},
				"middle_left_feather_left_three": {
					"rotation": [-17, 0, 0]
				},
				"middle_left_feather_right": {
					"rotation": [-12.5, 0, -7]
				},
				"middle_left_feather_right_two": {
					"rotation": [-17.5, 0, 0]
				},
				"middle_left_feather_right_three": {
					"rotation": [-17, 0, 0]
				},
				"far_left_feather_left_two": {
					"rotation": [0, 0, -17.5]
				},
				"far_left_feather_right": {
					"rotation": [5, 0, -30]
				},
				"far_left_feather_right_two": {
					"rotation": [0, 0, -17.5]
				}
			}
		},
		"animation.dodetrad.air_fly": {
			"loop": true,
			"animation_length": 0.66667,
			"bones": {
				"body": {
					"position": [0, -1.5, 0]
				},
				"far_left_neck_one": {
					"rotation": {
						"0.0": [0, 0, 0],
						"0.1667": [0, 0, -12.5],
						"0.3333": [0, 0, 0],
						"0.5": [0, 0, 12.5],