{
	"format_version": "1.8.0",
	"animations": {
		"animation.roaroot.ground_idle": {
			"loop": true,
			"animation_length": 2.5,
			"bones": {
				"pokemon": {
					"position": {
						"0.0": [0, -1, 0],
						"1.0": [0, -2, 0],
						"1.4167": [0, 0, 0],
						"1.75": [0, 0.25, 0],
						"2.5": [0, -1, 0]
					}
				},
				"front_tentacle": {
					"rotation": {
						"0.0": [0, 0, 0],
						"1.0": [-15, 0, 0],
						"1.25": [7.5, 0, 0],
						"2.5": [0, 0, 0]
					}
				},
				"front_tentacle_2": {
					"rotation": {
						"0.0": [27.5, 0, 0],
						"1.0": [70, 0, 0],
						"1.25": [7.5, 0, 0],
						"2.5": [27.5, 0, 0]
					}
				},
				"left_tentacle": {
					"rotation": {
						"0.0": [12.5, 0, -15],
						"1.0": [18.37282, 6.22197, -24.78691],
						"1.25": [4.66627, -5.24583, -3.4334],
						"2.5": [12.5, 0, -15]
					}
				},
				"left_tentacle_2": {
					"rotation": {
						"0.0": [0, 0, 32.5],
						"1.0": [0, 0, 72.5],
						"1.25": [0, 0, 10],
						"2.5": [0, 0, 32.5]
					}
				},
				"right_tentacle": {
					"rotation": {
						"0.0": [12.5, 0, 15],
						"1.0": [11.52485, -10.11577, 17.52002],
						"1.25": [2.37504, 6.35897, 0.23026],
						"2.5": [12.5, 0, 15]
					}
				},
				"right_tentacle_2": {
					"rotation": {
						"0.0": [0, 0, -32.5],
						"1.0": [0, 0, -72.5],
						"1.25": [0, 0, -10],
						"2.5": [0, 0, -32.5]
					}
				},
				"stem_2": {
					"rotation": [0, 0, -15]
				},
				"stem_3": {
					"rotation": [0, 0, -22.5]
				},
				"top_teeth": {
					"rotation": [0, 0, 0]
				},
				"bottom_teeth": {
					"rotation": [0, 0, 0]
				},
				"bottom_crust_front": {
					"rotation": {
						"0.375": [0, 0, 0],
						"1.0": [-15, 0, 0],
						"1.0833": [0, 0, 0]
					}
				},
				"bottom_crust_right": {
					"rotation": {
						"0.0": [0, 0, 0],
						"0.2083": [0, 0, 0],
						"1.0": [0, 0, 10],
						"1.0833": [0, 0, 0],
						"2.5": [0, 0, 0]
					}
				},
				"bottom_crust_back": {
					"rotation": {
						"0.0": [0, 0, 0],
						"0.4583": [0, 0, 0],
						"1.0": [7.5, 0, 0],
						"1.0417": [0, 0, 0],
						"2.5": [0, 0, 0]
					}
				},
				"bottom_crust_left": {
					"rotation": {
						"0.0": [0, 0, -5],
						"0.625": [0, 0, -5],
						"1.0": [0, 0, -12.5],
						"1.0417": [0, 0, -5],
						"2.5": [0, 0, -5]
					}
				},
				"bottom_mouth_crust": {
					"rotation": [0, 0, 0]
				},
				"top_mouth_crust": {
					"rotation": [0, 0, 0]
				},
				"eye_flap_crust": {
					"rotation": [0, 0, 0]
				}
			}
		},
		"animation.roaroot.blink": {
			"animation_length": 0.16667,
			"bones": {
				"eyelid": {
					"position": {
						"0.0": [0, 0, -0.02],
						"0.125": [0, 0, -0.02],
						"0.1667": [0, 0, 0]
					}
				}
			}
		},
		"animation.roaroot.cry": {
			"animation_length": 1.75,
			"bones": {
				"pokemon": {
					"rotation": {
						"0.0": [0, 0, 0],
						"0.25": [7.64491, 24.97821, 0.35987],
						"0.3333": [14.61117, 20.14558, -1.02993],
						"0.4583": [-20.14718, 6.95429, -2.89061],
						"1.0": [-20.44538, -11.82683, 4.02216],
						"1.5": [-0.4507, -13.29205, 3.375],
						"1.625": [0, 0, 0]
					},
					"position": {
						"0.4583": [0, 0, 0],
						"0.5": [0, 0.25, 0],
						"0.5417": [0, 0, 0],
						"0.5833": [0, 0.25, 0],
						"0.625": [0, 0, 0],
						"0.6667": [0, 0.25, 0],
						"0.7083": [0, 0, 0],
						"0.75": [0, 0.25, 0],
						"0.7917": [0, 0, 0],
						"0.8333": [0, 0.25, 0],
						"0.875": [0, 0, 0],
						"0.9167": [0, 0.25, 0],
						"0.9583": [0, 0, 0],
						"1.0": [0, 0.25, 0],
						"1.0417": [0, 0, 0]
					}
				},
				"top_teeth": {
					"rotation": {
						"0.3333": [0, 0, 0],
						"0.4583": [-17.5, 0, 0],
						"1.5": [0, 0, 0]
					}
				},
				"bottom_teeth": {
					"rotation": {
						"0.3333": [0, 0, 0],
						"0.4583": [17.5, 0, 0],
						"1.5": [0, 0, 0]
					}
				},
				"bottom_mouth_crust": {
					"rotation": {
						"0.3333": [0, 0, 0],
						"0.4583": [17.5, 0, 0],
						"1.5": [0, 0, 0]
					}
				},
				"top_mouth_crust": {
					"rotation": {
						"0.3333": [0, 0, 0],
						"0.4583": [-20, 0, 0],
						"1.5": [0, 0, 0]
					}
				}
			},
			"sound_effects": {
				"0.25": {
					"effect": "pokemon.roaroot.cry"
				}
			}
		},
		"animation.roaroot.ground_walk": {
			"loop": true,
			"animation_length": 2,
			"bones": {
				"pokemon": {
					"rotation": {
						"0.0": [20.07031, 4.69776, 1.71394],
						"0.75": [20.01754, -2.34914, -0.85553],
						"1.0": [20.07031, -4.69776, -1.71394],
						"1.75": [20.01754, 2.34914, 0.85553],
						"2.0": [20.07031, 4.69776, 1.71394]
					},
					"position": {
						"0.0": [0, 0, 0],
						"0.75": [0, -1.75, 0],
						"1.0": [0, -2, 0],
						"1.75": [0, -0.25, 0],
						"2.0": [0, 0, 0]
					}
				},
				"front_tentacle": {
					"rotation": {
						"0.0": [37.5, 0, 0],
						"0.25": [35, 0, 0],
						"0.5": [37.5, 0, 0],
						"0.75": [35, 0, 0],
						"1.0": [37.5, 0, 0],
						"1.25": [35, 0, 0],
						"1.5": [37.5, 0, 0],
						"1.75": [35, 0, 0],
						"2.0": [37.5, 0, 0]
					}
				},
				"front_tentacle_2": {
					"rotation": {
						"0.0": [27.5, 0, 0],
						"0.25": [25, 0, 0],
						"0.5": [27.5, 0, 0],
						"0.75": [25, 0, 0],
						"1.0": [27.5, 0, 0],
						"1.25": [25, 0, 0],
						"1.5": [27.5, 0, 0],
						"1.75": [25, 0, 0],
						"2.0": [27.5, 0, 0]
					}
				},
				"left_tentacle": {
					"rotation": {
						"0.0": [46.60964, -6.78023, -43.90913],
						"0.25": [45.62246, -9.11472, -42.57693],
						"0.5": [46.60964, -6.78023, -43.90913],
						"0.75": [45.62246, -9.11472, -42.57693],
						"1.0": [46.60964, -6.78023, -43.90913],
						"1.25": [45.62246, -9.11472, -42.57693],
						"1.5": [46.60964, -6.78023, -43.90913],
						"1.75": [45.62246, -9.11472, -42.57693],
						"2.0": [46.60964, -6.78023, -43.90913]
					}
				},
				"left_tentacle_2": {
					"rotation": {
						"0.0": [0, 0, -10],
						"0.25": [0, 0, -7.5],
						"0.5": [0, 0, -10],
						"0.75": [0, 0, -7.5],
						"1.0": [0, 0, -10],
						"1.25": [0, 0, -7.5],
						"1.5": [0, 0, -10],
						"1.75": [0, 0, -7.5],
						"2.0": [0, 0, -10]
					}
				},
				"right_tentacle": {
					"rotation": {
						"0.0": [34.81032, 5.47059, 35.47665],
						"0.25": [33.38172, 7.56767, 33.50351],
						"0.5": [34.81032, 5.47059, 35.47665],
						"0.75": [33.38172, 7.56767, 33.50351],
						"1.0": [34.81032, 5.47059, 35.47665],
						"1.25": [33.38172, 7.56767, 33.50351],
						"1.5": [34.81032, 5.47059, 35.47665],
						"1.75": [33.38172, 7.56767, 33.50351],
						"2.0": [34.81032, 5.47059, 35.47665]
					}
				},
				"right_tentacle_2": {
					"rotation": {
						"0.0": [0, 0, 10],
						"0.25": [0, 0, 7.5],
						"0.5": [0, 0, 10],
						"0.75": [0, 0, 7.5],
						"1.0": [0, 0, 10],
						"1.25": [0, 0, 7.5],
						"1.5": [0, 0, 10],
						"1.75": [0, 0, 7.5],
						"2.0": [0, 0, 10]
					}
				},
				"stem_2": {
					"rotation": [0, 0, -15]
				},
				"stem_3": {
					"rotation": [0, 0, -22.5]
				},
				"bottom_crust_back": {
					"rotation": {
						"0.0": [7.5, 0, 0],
						"0.25": [2.5, 0, 0],
						"0.5": [7.5, 0, 0],
						"0.75": [2.5, 0, 0],
						"1.0": [7.5, 0, 0],
						"1.25": [2.5, 0, 0],
						"1.5": [7.5, 0, 0],
						"1.75": [2.5, 0, 0],
						"2.0": [7.5, 0, 0]
					}
				}
			}
		},
		"animation.roaroot.sleep": {
			"loop": true,
			"animation_length": 4,
			"bones": {
				"pokemon": {
					"rotation": {
						"0.0": [0, 0, 85],
						"1.5": [0, 7.5, 82.5],
						"1.75": [0, 9.25, 82.75],
						"4.0": [0, 0, 85]
					},
					"position": [0, -13.2, 0]
				},
				"front_tentacle": {
					"rotation": {
						"0.0": [0, 0, -30],
						"1.5": [0.81403, -9.93016, -23.70236],
						"2.0": [0.32175, -13.48846, -22.22106],
						"4.0": [0, 0, -30]
					}
				},
				"front_tentacle_2": {
					"rotation": {
						"0.0": [0.09723, -4.40638, 32.35785],
						"1.5": [0.67265, -4.35592, 24.83601],
						"2.0": [0.8051, -4.32998, 23.08117],
						"4.0": [0.09723, -4.40638, 32.35785]
					}
				},